{
  "start": [25.04233, 121.5455],
  "end": [25.00033, 121.607],
  "shortest": {
    "distance_km": 3.2,
    "exposure": 120.5,
    "geometry": [[25.04233,121.5455],[25.036,121.555],[25.025,121.575],[25.00033,121.607]]
  },
  "lowest": {
    "distance_km": 3.6,
    "exposure": 92.3,
    "geometry": [[25.04233,121.5455],[25.04,121.548],[25.022,121.586],[25.00033,121.607]],
    "improvement_rate": 23.4,
    "extra_distance_m": 400
  }
}
